filename,type,alt,category,year,date,tags,default_sort
7.55 feed vind.mp4,video,7.55 feed vind,,,,,34
13.38 dad dancing.mp4,video,13.38 dad dancing,,,,,39
WhatsApp Image 2026-01-19 at 8.36.33 AM (2).jpeg,image,WhatsApp Image 2026-01-19 at 8.36.33 AM (2),,,,,42
9.28 vind drinks off dads head.mp4,video,9.28 vind drinks off dads head,,,,,65
8.55 dad dancing.mp4,video,8.55 dad dancing,,,,,74
WhatsApp Image 2026-01-21 at 9.53.48 AM.jpeg,image,WhatsApp Image 2026-01-21 at 9.53.48 AM,,,,,164
WhatsApp Image 2026-01-19 at 7.32.45 AM.jpeg,image,WhatsApp Image 2026-01-19 at 7.32.45 AM,,,,,193
WhatsApp Image 2026-01-19 at 8.36.34 AM (1).jpeg,image,WhatsApp Image 2026-01-19 at 8.36.34 AM (1),,,,,1320
WhatsApp Image 2026-01-19 at 7.34.42 AM.jpeg,image,WhatsApp Image 2026-01-19 at 7.34.42 AM,,,,,1720
WhatsApp Image 2026-01-21 at 9.43.21 AM.jpeg,image,WhatsApp Image 2026-01-21 at 9.43.21 AM,,,,,3311
WhatsApp Image 2026-01-21 at 10.02.03 AM.jpeg,image,WhatsApp Image 2026-01-21 at 10.02.03 AM,,,,,3492
WhatsApp Image 2026-01-19 at 8.36.31 AM (2).jpeg,image,WhatsApp Image 2026-01-19 at 8.36.31 AM (2),,,,,3678
WhatsApp Image 2026-01-19 at 7.40.49 AM (3).jpeg,image,WhatsApp Image 2026-01-19 at 7.40.49 AM (3),,,,,7594
WhatsApp Image 2026-01-21 at 9.57.55 AM.jpeg,image,WhatsApp Image 2026-01-21 at 9.57.55 AM,,,,,8180
WhatsApp Image 2026-01-19 at 8.07.55 AM.jpeg,image,WhatsApp Image 2026-01-19 at 8.07.55 AM,,,,,8233
WhatsApp Image 2026-01-19 at 8.36.34 AM (3).jpeg,image,WhatsApp Image 2026-01-19 at 8.36.34 AM (3),,,,,8622
